Composition,ln_Peq,Temperature_K,CR,FIE,BM,HF,MV,Mass,M-H_Bond,M-H_Eng,formation_H,vol_H,vol_diff,EN.Diff,Atomic.Size.Diff,dSmix
Mg0.95Sn0.03Zn0.02,-1.0246,593,130.35,7.6755,45.89,8.622,13.9514,27.9634,1.7682,-2.2394,-0.2653,63.2494,0.2645,0.1196,1.73,1.9303
Mg0.95Sn0.03Zn0.02,-1.4644,573,130.35,7.6755,45.89,8.622,13.9514,27.9634,1.7682,-2.2394,-0.2653,63.2494,0.2645,0.1196,1.73,1.9303
Mg0.95Sn0.03Zn0.02,-1.9962,553,130.35,7.6755,45.89,8.622,13.9514,27.9634,1.7682,-2.2394,-0.2653,63.2494,0.2645,0.1196,1.73,1.9303
In0.05Mg0.95,0.668,663,130.7,7.557,44.5,8.428,14.0665,28.8355,1.7765,-2.2775,-0.2565,60.409,0.268,0.1025,1,1.6506
In0.05Mg0.95,0.0504,633,130.7,7.557,44.5,8.428,14.0665,28.8355,1.7765,-2.2775,-0.2565,60.409,0.268,0.1025,1,1.6506
In0.05Mg0.95,-0.68,603,130.7,7.557,44.5,8.428,14.0665,28.8355,1.7765,-2.2775,-0.2565,60.409,0.268,0.1025,1,1.6506
In0.05Mg0.95,-1.4643,573,130.7,7.557,44.5,8.428,14.0665,28.8355,1.7765,-2.2775,-0.2565,60.409,0.268,0.1025,1,1.6506
In0.1Mg0.9,0.7513,663,131.4,7.464,44,8.156,14.153,33.361,1.783,-2.365,-0.223,60.848,0.286,0.1411,1,2.7029
In0.1Mg0.9,0.1533,633,131.4,7.464,44,8.156,14.153,33.361,1.783,-2.365,-0.223,60.848,0.286,0.1411,1,2.7029
In0.1Mg0.9,-0.4889,603,131.4,7.464,44,8.156,14.153,33.361,1.783,-2.365,-0.223,60.848,0.286,0.1411,1,2.7029
In0.1Mg0.9,-1.2389,573,131.4,7.464,44,8.156,14.153,33.361,1.783,-2.365,-0.223,60.848,0.286,0.1411,1,2.7029
In0.15Mg0.85,1.0062,673,132.1,7.371,43.5,7.884,14.2395,37.8865,1.7895,-2.4525,-0.1895,61.287,0.304,0.1679,1.41,3.5146
In0.15Mg0.85,0.3151,643,132.1,7.371,43.5,7.884,14.2395,37.8865,1.7895,-2.4525,-0.1895,61.287,0.304,0.1679,1.41,3.5146
In0.15Mg0.85,-0.131,623,132.1,7.371,43.5,7.884,14.2395,37.8865,1.7895,-2.4525,-0.1895,61.287,0.304,0.1679,1.41,3.5146
In0.15Mg0.85,-0.5918,603,132.1,7.371,43.5,7.884,14.2395,37.8865,1.7895,-2.4525,-0.1895,61.287,0.304,0.1679,1.41,3.5146
In0.2Mg0.8,0.869,663,132.8,7.278,43,7.612,14.326,42.412,1.796,-2.54,-0.156,61.726,0.322,0.1879,1.41,4.1606
In0.2Mg0.8,0.2366,633,132.8,7.278,43,7.612,14.326,42.412,1.796,-2.54,-0.156,61.726,0.322,0.1879,1.41,4.1606
In0.2Mg0.8,-0.4693,603,132.8,7.278,43,7.612,14.326,42.412,1.796,-2.54,-0.156,61.726,0.322,0.1879,1.41,4.1606
In0.2Mg0.8,-1.234,573,132.8,7.278,43,7.612,14.326,42.412,1.796,-2.54,-0.156,61.726,0.322,0.1879,1.41,4.1606
Al0.1Mg0.9,0.6849,664,128.8,7.484,48.1,8.9,13.581,24.577,1.761,-2.411,-0.274,76.668,0.318,0.09,3.16,2.7029
Al0.1Mg0.9,-0.003,633,128.8,7.484,48.1,8.9,13.581,24.577,1.761,-2.411,-0.274,76.668,0.318,0.09,3.16,2.7029
Al0.1Mg0.9,-0.8975,598,128.8,7.484,48.1,8.9,13.581,24.577,1.761,-2.411,-0.274,76.668,0.318,0.09,3.16,2.7029
Al0.1Mg0.9,-1.4074,579,128.8,7.484,48.1,8.9,13.581,24.577,1.761,-2.411,-0.274,76.668,0.318,0.09,3.16,2.7029
Al0.05In0.05Mg0.9,0.8143,667,130.1,7.474,46.05,8.528,13.867,28.969,1.772,-2.388,-0.2485,68.758,0.302,0.1187,2.45,3.2792
Al0.05In0.05Mg0.9,0.1068,634,130.1,7.474,46.05,8.528,13.867,28.969,1.772,-2.388,-0.2485,68.758,0.302,0.1187,2.45,3.2792
Al0.05In0.05Mg0.9,-0.5763,606,130.1,7.474,46.05,8.528,13.867,28.969,1.772,-2.388,-0.2485,68.758,0.302,0.1187,2.45,3.2792
Al0.05In0.05Mg0.9,-1.2033,577,130.1,7.474,46.05,8.528,13.867,28.969,1.772,-2.388,-0.2485,68.758,0.302,0.1187,2.45,3.2792
Al0.05In0.1Mg0.85,0.9381,667,130.8,7.381,45.55,8.256,13.9535,33.4945,1.7785,-2.4755,-0.215,69.197,0.32,0.1507,2.65,4.3085
Al0.05In0.1Mg0.85,0.2305,634,130.8,7.381,45.55,8.256,13.9535,33.4945,1.7785,-2.4755,-0.215,69.197,0.32,0.1507,2.65,4.3085
Al0.05In0.1Mg0.85,-0.1982,614,130.8,7.381,45.55,8.256,13.9535,33.4945,1.7785,-2.4755,-0.215,69.197,0.32,0.1507,2.65,4.3085
Al0.05In0.1Mg0.85,-0.6651,594,130.8,7.381,45.55,8.256,13.9535,33.4945,1.7785,-2.4755,-0.215,69.197,0.32,0.1507,2.65,4.3085
Al0.05In0.05Mg0.87Si0.01Zn0.02,0.7498,661,129.93,7.5138,47.1,8.916,13.7513,29.8282,1.7668,-2.4041,-0.2337,68.5278,0.3051,0.1367,4.12,4.5316
Al0.05In0.05Mg0.87Si0.01Zn0.02,0.0736,632,129.93,7.5138,47.1,8.916,13.7513,29.8282,1.7668,-2.4041,-0.2337,68.5278,0.3051,0.1367,4.12,4.5316
Al0.05In0.05Mg0.87Si0.01Zn0.02,-0.5835,603,129.93,7.5138,47.1,8.916,13.7513,29.8282,1.7668,-2.4041,-0.2337,68.5278,0.3051,0.1367,4.12,4.5316
Al0.05In0.05Mg0.87Si0.01Zn0.02,-1.3216,573,129.93,7.5138,47.1,8.916,13.7513,29.8282,1.7668,-2.4041,-0.2337,68.5278,0.3051,0.1367,4.12,4.5316
Al0.1Ga0.02In0.04Mg0.82Zn0.02,0.8212,666,129.3,7.4114,48.66,8.5932,13.5104,29.927,1.7622,-2.512,-0.2218,76.4648,0.3182,0.1442,4.12,5.6391
Al0.1Ga0.02In0.04Mg0.82Zn0.02,0.3974,644,129.3,7.4114,48.66,8.5932,13.5104,29.927,1.7622,-2.512,-0.2218,76.4648,0.3182,0.1442,4.12,5.6391
Al0.1Ga0.02In0.04Mg0.82Zn0.02,-0.0169,625,129.3,7.4114,48.66,8.5932,13.5104,29.927,1.7622,-2.512,-0.2218,76.4648,0.3182,0.1442,4.12,5.6391
Mg0.92Ni0.08,0.792,621,129.28,7.6492,55.8,9.38,13.3888,27.0604,1.7452,-2.3948,-0.2764,56.1668,0.2428,0.1628,6,2.3178
Mg0.92Ni0.08,-0.4309,572,129.28,7.6492,55.8,9.38,13.3888,27.0604,1.7452,-2.3948,-0.2764,56.1668,0.2428,0.1628,6,2.3178
Mg0.92Ni0.08,-1.8666,523,129.28,7.6492,55.8,9.38,13.3888,27.0604,1.7452,-2.3948,-0.2764,56.1668,0.2428,0.1628,6,2.3178
Mg0.85Ni0.15,0.7701,625,128.65,7.6485,65.25,9.975,12.8715,29.467,1.7235,-2.574,-0.2645,52.839,0.2365,0.2142,8.06,3.5146
Mg0.85Ni0.15,-0.4753,574,128.65,7.6485,65.25,9.975,12.8715,29.467,1.7235,-2.574,-0.2645,52.839,0.2365,0.2142,8.06,3.5146
Mg0.85Ni0.15,-1.9737,524,128.65,7.6485,65.25,9.975,12.8715,29.467,1.7235,-2.574,-0.2645,52.839,0.2365,0.2142,8.06,3.5146
Mg0.88Y0.12,0.44,681,133.84,7.4784,44.52,9.024,14.688,32.062,1.788,-2.664,-0.3536,56.9856,0.1096,0.03,4,3.0508
Mg0.88Y0.12,-0.22,652,133.84,7.4784,44.52,9.024,14.688,32.062,1.788,-2.664,-0.3536,56.9856,0.1096,0.03,4,3.0508
Mg0.88Y0.12,-0.96,622,133.84,7.4784,44.52,9.024,14.688,32.062,1.788,-2.664,-0.3536,56.9856,0.1096,0.03,4,3.0508
Mg0.88Y0.12,-1.75,593,133.84,7.4784,44.52,9.024,14.688,32.062,1.788,-2.664,-0.3536,56.9856,0.1096,0.03,4,3.0508
Mg0.92Ni0.07Ti0.01,-1.141,626,129.43,7.6411,55.1,9.395,13.4291,26.9522,1.7477,-2.3992,-0.2797,56.8362,0.2468,0.1543,5.74,2.5684
Mg0.92Ni0.07Ti0.01,-1.7296,599,129.43,7.6411,55.1,9.395,13.4291,26.9522,1.7477,-2.3992,-0.2797,56.8362,0.2468,0.1543,5.74,2.5684
Mg0.92Ni0.07Ti0.01,-2.554,573,129.43,7.6411,55.1,9.395,13.4291,26.9522,1.7477,-2.3992,-0.2797,56.8362,0.2468,0.1543,5.74,2.5684
Mg0.92Ni0.07Ti0.01,-3.9259,520,129.43,7.6411,55.1,9.395,13.4291,26.9522,1.7477,-2.3992,-0.2797,56.8362,0.2468,0.1543,5.74,2.5684
Mg0.68Ni0.23Ti0.09,-0.2643,653,128.47,7.5739,81.9,11.555,11.9779,34.3378,1.6933,-3.0488,-0.2653,50.7818,0.2572,0.2498,9.7,6.7929
Mg0.68Ni0.23Ti0.09,-1.2865,613,128.47,7.5739,81.9,11.555,11.9779,34.3378,1.6933,-3.0488,-0.2653,50.7818,0.2572,0.2498,9.7,6.7929
Mg0.68Ni0.23Ti0.09,-2.095,573,128.47,7.5739,81.9,11.555,11.9779,34.3378,1.6933,-3.0488,-0.2653,50.7818,0.2572,0.2498,9.7,6.7929
Ag0.07Mg0.6Ni0.33,-0.3939,575,128.64,7.6418,93.4,11.687,11.2823,41.5046,1.6572,-3.1426,-0.2052,43.3466,0.2469,0.2956,10.95,7.138
Ag0.07Mg0.6Ni0.33,-1.368,524,128.64,7.6418,93.4,11.687,11.2823,41.5046,1.6572,-3.1426,-0.2052,43.3466,0.2469,0.2956,10.95,7.138
Ag0.07Mg0.6Ni0.33,-2.7544,474,128.64,7.6418,93.4,11.687,11.2823,41.5046,1.6572,-3.1426,-0.2052,43.3466,0.2469,0.2956,10.95,7.138
Co0.75Mg0.12Nd0.12,1.1588,323,111.2121,7.5673,145.697,14.1879,9.2042,65.0742,1.6006,-5.4879,-0.1476,45.9227,0.1297,0.2823,11.79,6.0249
Co0.75Mg0.12Nd0.12,0.1227,293,111.2121,7.5673,145.697,14.1879,9.2042,65.0742,1.6006,-5.4879,-0.1476,45.9227,0.1297,0.2823,11.79,6.0249
Co0.75Mg0.12Nd0.12,-0.7345,273,111.2121,7.5673,145.697,14.1879,9.2042,65.0742,1.6006,-5.4879,-0.1476,45.9227,0.1297,0.2823,11.79,6.0249
Co0.75Mg0.08Nd0.17,-0.8774,353,104.9,7.4621,144.04,14.053,9.582,70.6631,1.6168,-5.7434,-0.1715,45.1312,-0.0031,0.2995,12.17,5.9786
Co0.75Mg0.08Nd0.17,-2.0444,323,104.9,7.4621,144.04,14.053,9.582,70.6631,1.6168,-5.7434,-0.1715,45.1312,-0.0031,0.2995,12.17,5.9786
Co0.75Mg0.08Nd0.17,-3.3395,293,104.9,7.4621,144.04,14.053,9.582,70.6631,1.6168,-5.7434,-0.1715,45.1312,-0.0031,0.2995,12.17,5.9786
Cr0.112Fe0.1043Mg0.7193Zr0.0639,-1.349,574,130.2928,7.5123,74.0951,11.3408,12.5066,34.9818,2.1468,-3.3829,-0.1797,56.9056,0.2231,0.1817,9.59,7.4308
Cr0.112Fe0.1043Mg0.7193Zr0.0639,-2.1294,548,130.2928,7.5123,74.0951,11.3408,12.5066,34.9818,2.1468,-3.3829,-0.1797,56.9056,0.2231,0.1817,9.59,7.4308
Cr0.112Fe0.1043Mg0.7193Zr0.0639,-2.7835,523,130.2928,7.5123,74.0951,11.3408,12.5066,34.9818,2.1468,-3.3829,-0.1797,56.9056,0.2231,0.1817,9.59,7.4308
Mg0.85Ni0.08Y0.08,-2.37,651,131.821782178218,7.53594059405941,55.3762376237624,9.58712871287129,13.8619801980198,32.15,1.75732673267327,-2.70564356435644,-0.318514851485148,54.2345544554455,0.15019801980198,0.1667,7.14,4.5086
Mg0.85Ni0.08Y0.08,-2.75,632,131.821782178218,7.53594059405941,55.3762376237624,9.58712871287129,13.8619801980198,32.15,1.75732673267327,-2.70564356435644,-0.318514851485148,54.2345544554455,0.15019801980198,0.1667,7.14,4.5086
Mg0.85Ni0.08Y0.08,-3.31,613,131.821782178218,7.53594059405941,55.3762376237624,9.58712871287129,13.8619801980198,32.15,1.75732673267327,-2.70564356435644,-0.318514851485148,54.2345544554455,0.15019801980198,0.1667,7.14,4.5086
Mg0.85Ni0.08Y0.08,-3.82,593,131.821782178218,7.53594059405941,55.3762376237624,9.58712871287129,13.8619801980198,32.15,1.75732673267327,-2.70564356435644,-0.318514851485148,54.2345544554455,0.15019801980198,0.1667,7.14,4.5086
Ce0.05Mg0.9Y0.05,-0.72,655,125.1,7.473,43.65,8.675,14.6235,33.3305,1.793,-2.5395,-0.333,57.815,0.1985,0.0447,4,3.2792
Ce0.05Mg0.9Y0.05,-1.22,633,125.1,7.473,43.65,8.675,14.6235,33.3305,1.793,-2.5395,-0.333,57.815,0.1985,0.0447,4,3.2792
Ce0.05Mg0.9Y0.05,-1.7,612,125.1,7.473,43.65,8.675,14.6235,33.3305,1.793,-2.5395,-0.333,57.815,0.1985,0.0447,4,3.2792
Ce0.05Mg0.9Y0.05,-2.21,592,125.1,7.473,43.65,8.675,14.6235,33.3305,1.793,-2.5395,-0.333,57.815,0.1985,0.0447,4,3.2792
Mg0.85Ni0.08Sm0.08,-2.0939,653,118.9901,7.49,55.1386,9.3574,13.9071,37.0173,1.7708,-3.1674,-0.309,71.4187,0.2706,0.1703,7.21,4.5086
Mg0.85Ni0.08Sm0.08,-2.5305,633,118.9901,7.49,55.1386,9.3574,13.9071,37.0173,1.7708,-3.1674,-0.309,71.4187,0.2706,0.1703,7.21,4.5086
Mg0.85Ni0.08Sm0.08,-3.0402,613,118.9901,7.49,55.1386,9.3574,13.9071,37.0173,1.7708,-3.1674,-0.309,71.4187,0.2706,0.1703,7.21,4.5086
Mg0.85Ni0.08Sm0.08,-3.5793,593,118.9901,7.49,55.1386,9.3574,13.9071,37.0173,1.7708,-3.1674,-0.309,71.4187,0.2706,0.1703,7.21,4.5086
Ce0.05Mg0.9Sm0.05,-0.4912,653,117,7.444,43.5,8.53,14.652,36.403,1.8015,-2.831,-0.327,68.6625,0.2745,0.05,4.12,3.2792
Ce0.05Mg0.9Sm0.05,-0.9624,633,117,7.444,43.5,8.53,14.652,36.403,1.8015,-2.831,-0.327,68.6625,0.2745,0.05,4.12,3.2792
Ce0.05Mg0.9Sm0.05,-1.4566,613,117,7.444,43.5,8.53,14.652,36.403,1.8015,-2.831,-0.327,68.6625,0.2745,0.05,4.12,3.2792
Ce0.05Mg0.9Sm0.05,-1.9799,593,117,7.444,43.5,8.53,14.652,36.403,1.8015,-2.831,-0.327,68.6625,0.2745,0.05,4.12,3.2792
La0.05Mg0.85Ni0.1,-0.7293,633,131.05,7.5455,57.65,9.43,13.672,33.478,1.7545,-2.567,-0.2955,54.4795,0.1125,0.1892,7.94,4.3085
La0.05Mg0.85Ni0.1,-1.2013,613,131.05,7.5455,57.65,9.43,13.672,33.478,1.7545,-2.567,-0.2955,54.4795,0.1125,0.1892,7.94,4.3085
La0.05Mg0.85Ni0.1,-1.7319,593,131.05,7.5455,57.65,9.43,13.672,33.478,1.7545,-2.567,-0.2955,54.4795,0.1125,0.1892,7.94,4.3085
La0.05Mg0.85Ni0.1,-2.2759,573,131.05,7.5455,57.65,9.43,13.672,33.478,1.7545,-2.567,-0.2955,54.4795,0.1125,0.1892,7.94,4.3085
Ce0.05La0.05Mg0.9,-0.6228,653,125.45,7.441,43,8.42,14.7595,35.8305,1.801,-2.463,-0.329,58.322,0.1285,0.06,4.69,3.2792
Ce0.05La0.05Mg0.9,-1.1048,633,125.45,7.441,43,8.42,14.7595,35.8305,1.801,-2.463,-0.329,58.322,0.1285,0.06,4.69,3.2792
Ce0.05La0.05Mg0.9,-1.576,613,125.45,7.441,43,8.42,14.7595,35.8305,1.801,-2.463,-0.329,58.322,0.1285,0.06,4.69,3.2792
Ce0.05La0.05Mg0.9,-2.1025,593,125.45,7.441,43,8.42,14.7595,35.8305,1.801,-2.463,-0.329,58.322,0.1285,0.06,4.69,3.2792
Ce0.1Mg0.9,-0.5409,653,117,7.439,42.7,8.38,14.677,35.891,1.801,-2.494,-0.323,58.147,0.264,0.0566,4.24,2.7029
Ce0.1Mg0.9,-1.0194,633,117,7.439,42.7,8.38,14.677,35.891,1.801,-2.494,-0.323,58.147,0.264,0.0566,4.24,2.7029
Ce0.1Mg0.9,-1.5343,613,117,7.439,42.7,8.38,14.677,35.891,1.801,-2.494,-0.323,58.147,0.264,0.0566,4.24,2.7029
Ce0.1Mg0.9,-2.0402,593,117,7.439,42.7,8.38,14.677,35.891,1.801,-2.494,-0.323,58.147,0.264,0.0566,4.24,2.7029
Ce0.05Mg0.9Nd0.05,-0.9822,653,117,7.4385,43.2,8.46,14.6585,36.097,1.8,-2.6305,-0.329,58.1265,0.123,0.0539,3.16,3.2792
Ce0.05Mg0.9Nd0.05,-1.4516,633,117,7.4385,43.2,8.46,14.6585,36.097,1.8,-2.6305,-0.329,58.1265,0.123,0.0539,3.16,3.2792
Ce0.05Mg0.9Nd0.05,-1.9583,613,117,7.4385,43.2,8.46,14.6585,36.097,1.8,-2.6305,-0.329,58.1265,0.123,0.0539,3.16,3.2792
Ce0.05Mg0.9Nd0.05,-2.4974,593,117,7.4385,43.2,8.46,14.6585,36.097,1.8,-2.6305,-0.329,58.1265,0.123,0.0539,3.16,3.2792
La0.08Mg0.17Nd0.08Ni0.67,-0.81,372,116.69,7.3081,133.05,14.075,10.2463,66.107,1.6103,-4.5604,-0.2481,25.4486,-0.2303,0.3302,15.23,8.0956
La0.08Mg0.17Nd0.08Ni0.67,-1.83,348,116.69,7.3081,133.05,14.075,10.2463,66.107,1.6103,-4.5604,-0.2481,25.4486,-0.2303,0.3302,15.23,8.0956
La0.08Mg0.17Nd0.08Ni0.67,-3.08,323,116.69,7.3081,133.05,14.075,10.2463,66.107,1.6103,-4.5604,-0.2481,25.4486,-0.2303,0.3302,15.23,8.0956
Co0.08La0.08Mg0.17Nd0.08Ni0.58,-2.04,372,117.050505050505,7.32414141414141,132.575757575758,13.9626262626263,10.2856565656566,66.2013131313131,1.61505050505051,-4.62878787878788,-0.242121212121212,28.1643434343434,-0.205151515151515,0.3277,15.17,10.1715
Co0.08La0.08Mg0.17Nd0.08Ni0.58,-3.03,348,117.050505050505,7.32414141414141,132.575757575758,13.9626262626263,10.2856565656566,66.2013131313131,1.61505050505051,-4.62878787878788,-0.242121212121212,28.1643434343434,-0.205151515151515,0.3277,15.17,10.1715
Co0.08La0.08Mg0.17Nd0.08Ni0.58,-4.42,323,117.050505050505,7.32414141414141,132.575757575758,13.9626262626263,10.2856565656566,66.2013131313131,1.61505050505051,-4.62878787878788,-0.242121212121212,28.1643434343434,-0.205151515151515,0.3277,15.17,10.1715
Co0.17La0.08Mg0.17Nd0.08Ni0.5,-2.42,372,117.54,7.3489,133.05,13.905,10.2514,66.1478,1.6171,-4.7083,-0.2328,30.8852,-0.1691,0.3268,15.23,11.2508
Co0.17La0.08Mg0.17Nd0.08Ni0.5,-3.46,348,117.54,7.3489,133.05,13.905,10.2514,66.1478,1.6171,-4.7083,-0.2328,30.8852,-0.1691,0.3268,15.23,11.2508
Co0.17La0.08Mg0.17Nd0.08Ni0.5,-5.01,323,117.54,7.3489,133.05,13.905,10.2514,66.1478,1.6171,-4.7083,-0.2328,30.8852,-0.1691,0.3268,15.23,11.2508
Ce0.0027Mg0.9335Ni0.0301Y0.0043Zr0.0307,-0.99,633,130.0682,7.6066,50.4967,9.3356,13.8029,27.9847,1.7637,-2.3942,-0.2997,57.3882,0.2132,0.1034,3.87,2.6276
Ce0.0027Mg0.9335Ni0.0301Y0.0043Zr0.0307,-1.48,613,130.0682,7.6066,50.4967,9.3356,13.8029,27.9847,1.7637,-2.3942,-0.2997,57.3882,0.2132,0.1034,3.87,2.6276
Ce0.0027Mg0.9335Ni0.0301Y0.0043Zr0.0307,-2.01,593,130.0682,7.6066,50.4967,9.3356,13.8029,27.9847,1.7637,-2.3942,-0.2997,57.3882,0.2132,0.1034,3.87,2.6276
Ce0.0026Mg0.9081Ni0.0292Ti0.0569Y0.0041,-1.25,633,129.8719,7.5918,52.5575,9.5192,13.6157,27.2178,1.759,-2.4593,-0.2972,59.5367,0.2606,0.1131,4.36,3.2579
Ce0.0026Mg0.9081Ni0.0292Ti0.0569Y0.0041,-1.76,613,129.8719,7.5918,52.5575,9.5192,13.6157,27.2178,1.759,-2.4593,-0.2972,59.5367,0.2606,0.1131,4.36,3.2579
Ce0.0026Mg0.9081Ni0.0292Ti0.0569Y0.0041,-2.32,593,129.8719,7.5918,52.5575,9.5192,13.6157,27.2178,1.759,-2.4593,-0.2972,59.5367,0.2606,0.1131,4.36,3.2579
Ce0.0026Mg0.9106Ni0.0293V0.0536Y0.0041,-1.01,633,129.2616,7.5901,55.0413,9.7074,13.5036,27.3101,1.7581,-2.5581,-0.2897,56.2035,0.2445,0.1225,5.48,3.1892
Ce0.0026Mg0.9106Ni0.0293V0.0536Y0.0041,-1.5,613,129.2616,7.5901,55.0413,9.7074,13.5036,27.3101,1.7581,-2.5581,-0.2897,56.2035,0.2445,0.1225,5.48,3.1892
Ce0.0026Mg0.9106Ni0.0293V0.0536Y0.0041,-2.06,593,129.2616,7.5901,55.0413,9.7074,13.5036,27.3101,1.7581,-2.5581,-0.2897,56.2035,0.2445,0.1225,5.48,3.1892
La0.17Ni0.83,1.2123,373,129.16,7.2898,154.16,15.347,9.3117,72.3274,1.5654,-4.7262,-0.2254,18.0077,-0.2616,0.3043,17.44,3.7905
La0.17Ni0.83,0.7472,353,129.16,7.2898,154.16,15.347,9.3117,72.3274,1.5654,-4.7262,-0.2254,18.0077,-0.2616,0.3043,17.44,3.7905
La0.17Ni0.83,0.2211,333,129.16,7.2898,154.16,15.347,9.3117,72.3274,1.5654,-4.7262,-0.2254,18.0077,-0.2616,0.3043,17.44,3.7905
La0.17Ni0.83,-0.3888,313,129.16,7.2898,154.16,15.347,9.3117,72.3274,1.5654,-4.7262,-0.2254,18.0077,-0.2616,0.3043,17.44,3.7905
La0.17Ni0.83,-1.1513,293,129.16,7.2898,154.16,15.347,9.3117,72.3274,1.5654,-4.7262,-0.2254,18.0077,-0.2616,0.3043,17.44,3.7905
Al0.04La0.17Ni0.79,0.3993,394,129.04,7.2238,150,15.087,9.4477,71.059,1.5742,-4.7122,-0.2258,26.5885,-0.2308,0.3045,17.29,5.1235
Al0.04La0.17Ni0.79,-0.1396,374,129.04,7.2238,150,15.087,9.4477,71.059,1.5742,-4.7122,-0.2258,26.5885,-0.2308,0.3045,17.29,5.1235
Al0.04La0.17Ni0.79,-0.7462,354,129.04,7.2238,150,15.087,9.4477,71.059,1.5742,-4.7122,-0.2258,26.5885,-0.2308,0.3045,17.29,5.1235
Al0.04La0.17Ni0.79,-1.5334,334,129.04,7.2238,150,15.087,9.4477,71.059,1.5742,-4.7122,-0.2258,26.5885,-0.2308,0.3045,17.29,5.1235
Al0.04La0.17Ni0.79,-2.2426,314,129.04,7.2238,150,15.087,9.4477,71.059,1.5742,-4.7122,-0.2258,26.5885,-0.2308,0.3045,17.29,5.1235
Al0.03La0.17Ni0.8,0.1194,374,129.07,7.2403,151.04,15.152,9.4137,71.3761,1.572,-4.7157,-0.2257,24.4433,-0.2385,0.3045,17.35,4.8635
Al0.03La0.17Ni0.8,-0.4221,354,129.07,7.2403,151.04,15.152,9.4137,71.3761,1.572,-4.7157,-0.2257,24.4433,-0.2385,0.3045,17.35,4.8635
Al0.03La0.17Ni0.8,-1.1282,333,129.07,7.2403,151.04,15.152,9.4137,71.3761,1.572,-4.7157,-0.2257,24.4433,-0.2385,0.3045,17.35,4.8635
Al0.03La0.17Ni0.8,-2.0648,313,129.07,7.2403,151.04,15.152,9.4137,71.3761,1.572,-4.7157,-0.2257,24.4433,-0.2385,0.3045,17.35,4.8635
Al0.07La0.17Ni0.77,-0.5293,374,128.8713,7.1789,147.2079,14.9149,9.5204,69.9947,1.5796,-4.7022,-0.225,32.8202,-0.2041,0.3048,17.23,5.7256
Al0.07La0.17Ni0.77,-1.2976,354,128.8713,7.1789,147.2079,14.9149,9.5204,69.9947,1.5796,-4.7022,-0.225,32.8202,-0.2041,0.3048,17.23,5.7256
Al0.07La0.17Ni0.77,-1.9715,333,128.8713,7.1789,147.2079,14.9149,9.5204,69.9947,1.5796,-4.7022,-0.225,32.8202,-0.2041,0.3048,17.23,5.7256
Al0.07La0.17Ni0.77,-2.8106,313,128.8713,7.1789,147.2079,14.9149,9.5204,69.9947,1.5796,-4.7022,-0.225,32.8202,-0.2041,0.3048,17.23,5.7256
Al0.08La0.17Ni0.75,-1.5996,374,128.92,7.1578,145.84,14.827,9.5837,69.7906,1.583,-4.6982,-0.2262,35.1693,-0.2,0.3043,17.15,5.9786
Al0.08La0.17Ni0.75,-2.2868,354,128.92,7.1578,145.84,14.827,9.5837,69.7906,1.583,-4.6982,-0.2262,35.1693,-0.2,0.3043,17.15,5.9786
Al0.08La0.17Ni0.75,-2.9119,333,128.92,7.1578,145.84,14.827,9.5837,69.7906,1.583,-4.6982,-0.2262,35.1693,-0.2,0.3043,17.15,5.9786
Al0.08La0.17Ni0.75,-3.9778,314,128.92,7.1578,145.84,14.827,9.5837,69.7906,1.583,-4.6982,-0.2262,35.1693,-0.2,0.3043,17.15,5.9786
Al0.1La0.17Ni0.73,-0.9309,394,128.86,7.1248,143.76,14.697,9.6517,69.1564,1.5874,-4.6912,-0.2264,39.4597,-0.1846,0.304,17.06,6.3292
Al0.1La0.17Ni0.73,-1.6807,374,128.86,7.1248,143.76,14.697,9.6517,69.1564,1.5874,-4.6912,-0.2264,39.4597,-0.1846,0.304,17.06,6.3292
Al0.1La0.17Ni0.73,-2.3512,354,128.86,7.1248,143.76,14.697,9.6517,69.1564,1.5874,-4.6912,-0.2264,39.4597,-0.1846,0.304,17.06,6.3292
Al0.1La0.17Ni0.73,-3.3011,333,128.86,7.1248,143.76,14.697,9.6517,69.1564,1.5874,-4.6912,-0.2264,39.4597,-0.1846,0.304,17.06,6.3292
Al0.1La0.17Ni0.73,-4.0428,313,128.86,7.1248,143.76,14.697,9.6517,69.1564,1.5874,-4.6912,-0.2264,39.4597,-0.1846,0.304,17.06,6.3292
Al0.12La0.17Ni0.71,-2.5564,374,128.8,7.0918,141.68,14.567,9.7197,68.5222,1.5918,-4.6842,-0.2266,43.7501,-0.1692,0.3036,16.97,6.6419
Al0.12La0.17Ni0.71,-3.5677,354,128.8,7.0918,141.68,14.567,9.7197,68.5222,1.5918,-4.6842,-0.2266,43.7501,-0.1692,0.3036,16.97,6.6419
Al0.12La0.17Ni0.71,-4.2901,334,128.8,7.0918,141.68,14.567,9.7197,68.5222,1.5918,-4.6842,-0.2266,43.7501,-0.1692,0.3036,16.97,6.6419
Al0.12La0.17Ni0.71,-5.4217,313,128.8,7.0918,141.68,14.567,9.7197,68.5222,1.5918,-4.6842,-0.2266,43.7501,-0.1692,0.3036,16.97,6.6419
Al0.13La0.17Ni0.7,-2.8483,374,128.77,7.0753,140.64,14.502,9.7537,68.2051,1.594,-4.6807,-0.2267,45.8953,-0.1615,0.3033,16.94,6.7857
Al0.13La0.17Ni0.7,-3.7623,354,128.77,7.0753,140.64,14.502,9.7537,68.2051,1.594,-4.6807,-0.2267,45.8953,-0.1615,0.3033,16.94,6.7857
Al0.13La0.17Ni0.7,-4.7117,334,128.77,7.0753,140.64,14.502,9.7537,68.2051,1.594,-4.6807,-0.2267,45.8953,-0.1615,0.3033,16.94,6.7857
Al0.13La0.17Ni0.7,-5.6479,314,128.77,7.0753,140.64,14.502,9.7537,68.2051,1.594,-4.6807,-0.2267,45.8953,-0.1615,0.3033,16.94,6.7857
Al0.13La0.17Ni0.7,-6.58,298,128.77,7.0753,140.64,14.502,9.7537,68.2051,1.594,-4.6807,-0.2267,45.8953,-0.1615,0.3033,16.94,6.7857
Al0.17La0.17Ni0.67,-3.0064,394,128.5743,7.0155,136.9109,14.2713,9.857,66.855,1.6014,-4.6675,-0.226,54.0598,-0.1278,0.3027,16.79,7.2401
Al0.17La0.17Ni0.67,-3.8533,374,128.5743,7.0155,136.9109,14.2713,9.857,66.855,1.6014,-4.6675,-0.226,54.0598,-0.1278,0.3027,16.79,7.2401
Al0.17La0.17Ni0.67,-5.5226,333,128.5743,7.0155,136.9109,14.2713,9.857,66.855,1.6014,-4.6675,-0.226,54.0598,-0.1278,0.3027,16.79,7.2401
Al0.17La0.17Ni0.67,-6.7835,313,128.5743,7.0155,136.9109,14.2713,9.857,66.855,1.6014,-4.6675,-0.226,54.0598,-0.1278,0.3027,16.79,7.2401
La0.289Ni0.675Si0.036,-1.0057,333,134.512,7.063,133.192,15.2379,11.4135,80.772,1.6424,-4.7092,-0.2967,24.1347,-0.5459,0.3669,20.2,6.1837
La0.289Ni0.675Si0.036,-1.1988,323,134.512,7.063,133.192,15.2379,11.4135,80.772,1.6424,-4.7092,-0.2967,24.1347,-0.5459,0.3669,20.2,6.1837
La0.289Ni0.675Si0.036,-1.411,314,134.512,7.063,133.192,15.2379,11.4135,80.772,1.6424,-4.7092,-0.2967,24.1347,-0.5459,0.3669,20.2,6.1837
La0.289Ni0.675Si0.036,-1.5988,303,134.512,7.063,133.192,15.2379,11.4135,80.772,1.6424,-4.7092,-0.2967,24.1347,-0.5459,0.3669,20.2,6.1837
Ce0.03La0.13Ni0.83,1.7921,353,123.6364,7.3059,155.2525,15.4141,9.1275,71.6915,1.5602,-4.7462,-0.2166,17.6266,-0.1587,0.2953,16.85,4.3658
Ce0.03La0.13Ni0.83,1.3689,333,123.6364,7.3059,155.2525,15.4141,9.1275,71.6915,1.5602,-4.7462,-0.2166,17.6266,-0.1587,0.2953,16.85,4.3658
Ce0.03La0.13Ni0.83,0.7427,313,123.6364,7.3059,155.2525,15.4141,9.1275,71.6915,1.5602,-4.7462,-0.2166,17.6266,-0.1587,0.2953,16.85,4.3658
Ce0.03La0.13Ni0.83,-0.0049,293,123.6364,7.3059,155.2525,15.4141,9.1275,71.6915,1.5602,-4.7462,-0.2166,17.6266,-0.1587,0.2953,16.85,4.3658
Ce0.02La0.15Ni0.83,1.4039,353,125.78,7.289,154.04,15.331,9.2787,72.3516,1.5654,-4.7386,-0.223,17.9377,-0.2074,0.3033,17.29,4.3024
Ce0.02La0.15Ni0.83,0.839,333,125.78,7.289,154.04,15.331,9.2787,72.3516,1.5654,-4.7386,-0.223,17.9377,-0.2074,0.3033,17.29,4.3024
Ce0.02La0.15Ni0.83,0.1979,313,125.78,7.289,154.04,15.331,9.2787,72.3516,1.5654,-4.7386,-0.223,17.9377,-0.2074,0.3033,17.29,4.3024
Ce0.02La0.15Ni0.83,-0.4826,293,125.78,7.289,154.04,15.331,9.2787,72.3516,1.5654,-4.7386,-0.223,17.9377,-0.2074,0.3033,17.29,4.3024
Ce0.08Co0.17La0.08Ni0.67,1.7793,354,116.01,7.348,155.2,15.222,9.0247,71.6628,1.566,-4.9251,-0.1943,22.8362,0.0412,0.2914,16.49,8.0956
Ce0.08Co0.17La0.08Ni0.67,0.6381,314,116.01,7.348,155.2,15.222,9.0247,71.6628,1.566,-4.9251,-0.1943,22.8362,0.0412,0.2914,16.49,8.0956
Ce0.08Co0.17La0.08Ni0.67,-0.9876,273,116.01,7.348,155.2,15.222,9.0247,71.6628,1.566,-4.9251,-0.1943,22.8362,0.0412,0.2914,16.49,8.0956
Al0.01Co0.33La0.23Nd0.08Ni0.34Ti0.01,-1.3258,339,124.13,7.052,131.46,13.505,11.4757,83.6385,1.6685,-5.2626,-0.2859,35.6563,-0.4871,0.3618,18.73,11.348
Al0.01Co0.33La0.23Nd0.08Ni0.34Ti0.01,-1.6101,328,124.13,7.052,131.46,13.505,11.4757,83.6385,1.6685,-5.2626,-0.2859,35.6563,-0.4871,0.3618,18.73,11.348
Al0.01Co0.33La0.23Nd0.08Ni0.34Ti0.01,-2.0101,318,124.13,7.052,131.46,13.505,11.4757,83.6385,1.6685,-5.2626,-0.2859,35.6563,-0.4871,0.3618,18.73,11.348
Al0.01Co0.33La0.23Nd0.08Ni0.34Ti0.01,-2.2903,308,124.13,7.052,131.46,13.505,11.4757,83.6385,1.6685,-5.2626,-0.2859,35.6563,-0.4871,0.3618,18.73,11.348
Mn0.4Ti0.33V0.27,0.8866,353,134.23,7.0484,127.5,17.607,8.6964,51.5269,2.0526,-8.1154,-0.1789,43.1403,-4.3876,0.0374,4.24,9.0287
Mn0.4Ti0.33V0.27,0.3153,333,134.23,7.0484,127.5,17.607,8.6964,51.5269,2.0526,-8.1154,-0.1789,43.1403,-4.3876,0.0374,4.24,9.0287
Mn0.4Ti0.33V0.27,-0.7096,303,134.23,7.0484,127.5,17.607,8.6964,51.5269,2.0526,-8.1154,-0.1789,43.1403,-4.3876,0.0374,4.24,9.0287
Mn0.4Ti0.33V0.27,-1.875,273,134.23,7.0484,127.5,17.607,8.6964,51.5269,2.0526,-8.1154,-0.1789,43.1403,-4.3876,0.0374,4.24,9.0287
Mn0.33Ti0.33V0.33,0.4178,353,133.3333,7.0033,130,18.2333,8.77,51.25,1.9933,-7.8467,-0.21,42.58,-3.5933,0.04,4.36,9.1258
Mn0.33Ti0.33V0.33,-0.2029,333,133.3333,7.0033,130,18.2333,8.77,51.25,1.9933,-7.8467,-0.21,42.58,-3.5933,0.04,4.36,9.1258
Mn0.33Ti0.33V0.33,-1.3516,303,133.3333,7.0033,130,18.2333,8.77,51.25,1.9933,-7.8467,-0.21,42.58,-3.5933,0.04,4.36,9.1258
Mn0.33Ti0.33V0.33,-2.3191,273,133.3333,7.0033,130,18.2333,8.77,51.25,1.9933,-7.8467,-0.21,42.58,-3.5933,0.04,4.36,9.1258
Mn0.27Ti0.33V0.4,-0.6439,353,132.41,6.96,132.7,18.855,8.8251,51.0069,1.9369,-7.6045,-0.2387,41.6518,-2.8406,0.0424,4.47,9.0287
Mn0.27Ti0.33V0.4,-1.5366,333,132.41,6.96,132.7,18.855,8.8251,51.0069,1.9369,-7.6045,-0.2387,41.6518,-2.8406,0.0424,4.47,9.0287
Mn0.27Ti0.33V0.4,-3.0306,303,132.41,6.96,132.7,18.855,8.8251,51.0069,1.9369,-7.6045,-0.2387,41.6518,-2.8406,0.0424,4.47,9.0287
Mn0.27Ti0.33V0.4,-4.4916,273,132.41,6.96,132.7,18.855,8.8251,51.0069,1.9369,-7.6045,-0.2387,41.6518,-2.8406,0.0424,4.47,9.0287
Cr0.36Mn0.29Ti0.36,1.6969,309,133.6535,6.9809,130.6931,17.7624,8.4728,51.3721,3.2394,-7.3796,-0.081,47.4466,-3.0941,0.0557,6.56,9.1008
Cr0.36Mn0.29Ti0.36,1.5304,303,133.6535,6.9809,130.6931,17.7624,8.4728,51.3721,3.2394,-7.3796,-0.081,47.4466,-3.0941,0.0557,6.56,9.1008
Cr0.36Mn0.29Ti0.36,1.2257,298,133.6535,6.9809,130.6931,17.7624,8.4728,51.3721,3.2394,-7.3796,-0.081,47.4466,-3.0941,0.0557,6.56,9.1008
Cr0.36Mn0.29Ti0.36,0.3927,273,133.6535,6.9809,130.6931,17.7624,8.4728,51.3721,3.2394,-7.3796,-0.081,47.4466,-3.0941,0.0557,6.56,9.1008
Cr0.43Mn0.21Ti0.36,1.6966,307,132.76,6.9302,133.6,18.319,8.4756,51.1306,3.4364,-7.02,-0.0853,47.6038,-2.187,0.0574,6.93,8.8004
Cr0.43Mn0.21Ti0.36,1.5149,302,132.76,6.9302,133.6,18.319,8.4756,51.1306,3.4364,-7.02,-0.0853,47.6038,-2.187,0.0574,6.93,8.8004
Cr0.43Mn0.21Ti0.36,1.1513,297,132.76,6.9302,133.6,18.319,8.4756,51.1306,3.4364,-7.02,-0.0853,47.6038,-2.187,0.0574,6.93,8.8004
Cr0.43Mn0.21Ti0.36,0.2424,273,132.76,6.9302,133.6,18.319,8.4756,51.1306,3.4364,-7.02,-0.0853,47.6038,-2.187,0.0574,6.93,8.8004
Cr0.5Mn0.14Ti0.36,1.7082,309,131.92,6.884,136.4,18.83,8.4672,50.9248,3.6268,-6.698,-0.0874,47.5856,-1.3652,0.0583,7.21,8.2282
Cr0.5Mn0.14Ti0.36,1.4105,303,131.92,6.884,136.4,18.83,8.4672,50.9248,3.6268,-6.698,-0.0874,47.5856,-1.3652,0.0583,7.21,8.2282
Cr0.5Mn0.14Ti0.36,1.0562,298,131.92,6.884,136.4,18.83,8.4672,50.9248,3.6268,-6.698,-0.0874,47.5856,-1.3652,0.0583,7.21,8.2282
Cr0.5Mn0.14Ti0.36,0.151,273,131.92,6.884,136.4,18.83,8.4672,50.9248,3.6268,-6.698,-0.0874,47.5856,-1.3652,0.0583,7.21,8.2282
Al0.00041Cr0.37Ti0.21V0.42,0.6688,323,128.0472,6.7739,149.4714,21.084,8.4088,50.6783,3.0294,-6.5371,-0.1882,35.4703,0.2799,0.0447,5.83,8.8396
Al0.00041Cr0.37Ti0.21V0.42,-0.0052,293,128.0472,6.7739,149.4714,21.084,8.4088,50.6783,3.0294,-6.5371,-0.1882,35.4703,0.2799,0.0447,5.83,8.8396
Al0.00041Cr0.37Ti0.21V0.42,-1.006,273,128.0472,6.7739,149.4714,21.084,8.4088,50.6783,3.0294,-6.5371,-0.1882,35.4703,0.2799,0.0447,5.83,8.8396
Cr0.27Fe0.06Ti0.27V0.4,1.2763,368,128.51,6.846,147.1,20.532,8.5809,50.6919,2.6623,-6.4657,-0.1856,41.8042,0.3388,0.0693,6.16,10.3296
Cr0.27Fe0.06Ti0.27V0.4,0.4514,338,128.51,6.846,147.1,20.532,8.5809,50.6919,2.6623,-6.4657,-0.1856,41.8042,0.3388,0.0693,6.16,10.3296
Cr0.27Fe0.06Ti0.27V0.4,-0.6294,318,128.51,6.846,147.1,20.532,8.5809,50.6919,2.6623,-6.4657,-0.1856,41.8042,0.3388,0.0693,6.16,10.3296
Cr0.27Fe0.06Ti0.27V0.4,-1.4842,299,128.51,6.846,147.1,20.532,8.5809,50.6919,2.6623,-6.4657,-0.1856,41.8042,0.3388,0.0693,6.16,10.3296
Cr0.26Fe0.06Ti0.28V0.4,0.7577,368,128.6,6.8466,146.6,20.514,8.6148,50.6506,2.6264,-6.4522,-0.1912,42.3014,0.3432,0.07,6.24,10.3265
Cr0.26Fe0.06Ti0.28V0.4,-0.0671,338,128.6,6.8466,146.6,20.514,8.6148,50.6506,2.6264,-6.4522,-0.1912,42.3014,0.3432,0.07,6.24,10.3265
Cr0.26Fe0.06Ti0.28V0.4,-1.1482,318,128.6,6.8466,146.6,20.514,8.6148,50.6506,2.6264,-6.4522,-0.1912,42.3014,0.3432,0.07,6.24,10.3265
Cr0.26Fe0.06Ti0.28V0.4,-2.2002,299,128.6,6.8466,146.6,20.514,8.6148,50.6506,2.6264,-6.4522,-0.1912,42.3014,0.3432,0.07,6.24,10.3265
Cr0.25Fe0.06Ti0.29V0.4,0.2636,368,128.69,6.8472,146.1,20.496,8.6487,50.6093,2.5905,-6.4387,-0.1968,42.7986,0.3476,0.07,6.24,10.3173
Cr0.25Fe0.06Ti0.29V0.4,-0.5609,338,128.69,6.8472,146.1,20.496,8.6487,50.6093,2.5905,-6.4387,-0.1968,42.7986,0.3476,0.07,6.24,10.3173
Cr0.25Fe0.06Ti0.29V0.4,-1.5186,318,128.69,6.8472,146.1,20.496,8.6487,50.6093,2.5905,-6.4387,-0.1968,42.7986,0.3476,0.07,6.24,10.3173
Cr0.25Fe0.06Ti0.29V0.4,-3.1138,299,128.69,6.8472,146.1,20.496,8.6487,50.6093,2.5905,-6.4387,-0.1968,42.7986,0.3476,0.07,6.24,10.3173
Cr0.24Fe0.06Ti0.3V0.4,0.0173,368,128.78,6.8478,145.6,20.478,8.6826,50.568,2.5546,-6.4252,-0.2024,43.2958,0.352,0.0707,6.24,10.3018
Cr0.24Fe0.06Ti0.3V0.4,-1.2032,338,128.78,6.8478,145.6,20.478,8.6826,50.568,2.5546,-6.4252,-0.2024,43.2958,0.352,0.0707,6.24,10.3018
Cr0.24Fe0.06Ti0.3V0.4,-2.1358,318,128.78,6.8478,145.6,20.478,8.6826,50.568,2.5546,-6.4252,-0.2024,43.2958,0.352,0.0707,6.24,10.3018
Cr0.24Fe0.06Ti0.3V0.4,-4.0768,299,128.78,6.8478,145.6,20.478,8.6826,50.568,2.5546,-6.4252,-0.2024,43.2958,0.352,0.0707,6.24,10.3018
Fe0.475Mn0.025Ti0.5,0.147,328,130.85,7.3533,138.75,16.235,8.8615,51.8373,1.6605,-6.1558,0.0493,79.8958,0.3315,0.1446,8,6.5884
Fe0.475Mn0.025Ti0.5,-0.1994,318,130.85,7.3533,138.75,16.235,8.8615,51.8373,1.6605,-6.1558,0.0493,79.8958,0.3315,0.1446,8,6.5884
Fe0.475Mn0.025Ti0.5,-0.5872,308,130.85,7.3533,138.75,16.235,8.8615,51.8373,1.6605,-6.1558,0.0493,79.8958,0.3315,0.1446,8,6.5884
Fe0.475Mn0.025Ti0.5,-0.961,298,130.85,7.3533,138.75,16.235,8.8615,51.8373,1.6605,-6.1558,0.0493,79.8958,0.3315,0.1446,8,6.5884
Fe0.45Mn0.05Ti0.5,-0.2452,328,131.2,7.3415,137.5,16.22,8.868,51.8145,1.686,-6.2615,0.0385,78.5665,0.023,0.1439,7.87,7.1146
Fe0.45Mn0.05Ti0.5,-0.5917,318,131.2,7.3415,137.5,16.22,8.868,51.8145,1.686,-6.2615,0.0385,78.5665,0.023,0.1439,7.87,7.1146
Fe0.45Mn0.05Ti0.5,-0.9229,308,131.2,7.3415,137.5,16.22,8.868,51.8145,1.686,-6.2615,0.0385,78.5665,0.023,0.1439,7.87,7.1146
Fe0.45Mn0.05Ti0.5,-1.3989,298,131.2,7.3415,137.5,16.22,8.868,51.8145,1.686,-6.2615,0.0385,78.5665,0.023,0.1439,7.87,7.1146
Fe0.425Mn0.075Ti0.5,-0.7154,328,131.55,7.3298,136.25,16.205,8.8745,51.7918,1.7115,-6.3673,0.0278,77.2373,-0.2855,0.1428,7.75,7.5205
Fe0.425Mn0.075Ti0.5,-1.0733,318,131.55,7.3298,136.25,16.205,8.8745,51.7918,1.7115,-6.3673,0.0278,77.2373,-0.2855,0.1428,7.75,7.5205
Fe0.425Mn0.075Ti0.5,-1.4573,308,131.55,7.3298,136.25,16.205,8.8745,51.7918,1.7115,-6.3673,0.0278,77.2373,-0.2855,0.1428,7.75,7.5205
Fe0.425Mn0.075Ti0.5,-1.8637,298,131.55,7.3298,136.25,16.205,8.8745,51.7918,1.7115,-6.3673,0.0278,77.2373,-0.2855,0.1428,7.75,7.5205
Co0.5Zr0.5,-3.7875,631,137,7.255,137.25,18.6,10.315,75.075,1.66,-5.57,-0.35,35.935,-0.095,0.275,12.29,5.7632
Co0.5Zr0.5,-4.3001,611,137,7.255,137.25,18.6,10.315,75.075,1.66,-5.57,-0.35,35.935,-0.095,0.275,12.29,5.7632
Co0.5Zr0.5,-4.8819,587,137,7.255,137.25,18.6,10.315,75.075,1.66,-5.57,-0.35,35.935,-0.095,0.275,12.29,5.7632
Co0.5Zr0.5,-5.4412,570,137,7.255,137.25,18.6,10.315,75.075,1.66,-5.57,-0.35,35.935,-0.095,0.275,12.29,5.7632
Co0.5Zr0.5,-6.0932,548,137,7.255,137.25,18.6,10.315,75.075,1.66,-5.57,-0.35,35.935,-0.095,0.275,12.29,5.7632
Co0.5Zr0.5,-6.8151,526,137,7.255,137.25,18.6,10.315,75.075,1.66,-5.57,-0.35,35.935,-0.095,0.275,12.29,5.7632
Co0.35Ni0.15Zr0.5,-3.5029,602,136.25,7.219,137.25,18.75,10.3105,75.039,1.654,-5.4395,-0.3635,31.138,-0.149,0.2796,12.29,8.3027
Co0.4Ni0.1Zr0.5,-3.6841,603,136.5,7.231,137.25,18.7,10.312,75.051,1.656,-5.483,-0.359,32.737,-0.131,0.2782,12.29,7.8435
Co0.45Ni0.05Zr0.5,-4.0091,603,136.75,7.243,137.25,18.65,10.3135,75.063,1.658,-5.5265,-0.3545,34.336,-0.113,0.2766,12.29,7.1146
Co0.35Ni0.15Zr0.5,-4.0767,582,136.25,7.219,137.25,18.75,10.3105,75.039,1.654,-5.4395,-0.3635,31.138,-0.149,0.2796,12.29,8.3027
Co0.4Ni0.1Zr0.5,-4.2352,582,136.5,7.231,137.25,18.7,10.312,75.051,1.656,-5.483,-0.359,32.737,-0.131,0.2782,12.29,7.8435
Co0.45Ni0.05Zr0.5,-4.6196,583,136.75,7.243,137.25,18.65,10.3135,75.063,1.658,-5.5265,-0.3545,34.336,-0.113,0.2766,12.29,7.1146
Co0.35Ni0.15Zr0.5,-4.7109,562,136.25,7.219,137.25,18.75,10.3105,75.039,1.654,-5.4395,-0.3635,31.138,-0.149,0.2796,12.29,8.3027
Co0.4Ni0.1Zr0.5,-4.8241,563,136.5,7.231,137.25,18.7,10.312,75.051,1.656,-5.483,-0.359,32.737,-0.131,0.2782,12.29,7.8435
Co0.45Ni0.05Zr0.5,-5.3252,563,136.75,7.243,137.25,18.65,10.3135,75.063,1.658,-5.5265,-0.3545,34.336,-0.113,0.2766,12.29,7.1146
Co0.35Ni0.15Zr0.5,-5.4054,542,136.25,7.219,137.25,18.75,10.3105,75.039,1.654,-5.4395,-0.3635,31.138,-0.149,0.2796,12.29,8.3027
Co0.4Ni0.1Zr0.5,-5.6168,544,136.5,7.231,137.25,18.7,10.312,75.051,1.656,-5.483,-0.359,32.737,-0.131,0.2782,12.29,7.8435
Co0.45Ni0.05Zr0.5,-6.0602,543,136.75,7.243,137.25,18.65,10.3135,75.063,1.658,-5.5265,-0.3545,34.336,-0.113,0.2766,12.29,7.1146
Co0.35Ni0.15Zr0.5,-6.3113,522,136.25,7.219,137.25,18.75,10.3105,75.039,1.654,-5.4395,-0.3635,31.138,-0.149,0.2796,12.29,8.3027
Co0.4Ni0.1Zr0.5,-6.4548,522,136.5,7.231,137.25,18.7,10.312,75.051,1.656,-5.483,-0.359,32.737,-0.131,0.2782,12.29,7.8435
Co0.45Ni0.05Zr0.5,-6.8668,523,136.75,7.243,137.25,18.65,10.3135,75.063,1.658,-5.5265,-0.3545,34.336,-0.113,0.2766,12.29,7.1146
Co0.5Ti0.05Zr0.45,-2.7693,630,136.4,7.265,138.025,18.485,10.1455,72.9075,1.6545,-5.5535,-0.339,38.5305,-0.0315,0.2681,12.04,7.1146
Co0.5Ti0.05Zr0.45,-3.6543,600,136.4,7.265,138.025,18.485,10.1455,72.9075,1.6545,-5.5535,-0.339,38.5305,-0.0315,0.2681,12.04,7.1146
Co0.5Ti0.05Zr0.45,-4.2817,580,136.4,7.265,138.025,18.485,10.1455,72.9075,1.6545,-5.5535,-0.339,38.5305,-0.0315,0.2681,12.04,7.1146
Co0.5Ti0.05Zr0.45,-4.6576,571,136.4,7.265,138.025,18.485,10.1455,72.9075,1.6545,-5.5535,-0.339,38.5305,-0.0315,0.2681,12.04,7.1146
Cr0.27Fe0.07Mn0.33Ti0.22Zr0.12,0.926,344,135.2376,7.0604,128.9505,17.3178,8.8035,56.9876,2.9566,-7.6534,-0.063,44.0079,-3.677,0.1192,8.43,12.4141
Cr0.27Fe0.07Mn0.33Ti0.22Zr0.12,0.677,334,135.2376,7.0604,128.9505,17.3178,8.8035,56.9876,2.9566,-7.6534,-0.063,44.0079,-3.677,0.1192,8.43,12.4141
Cr0.27Fe0.07Mn0.33Ti0.22Zr0.12,0.4729,324,135.2376,7.0604,128.9505,17.3178,8.8035,56.9876,2.9566,-7.6534,-0.063,44.0079,-3.677,0.1192,8.43,12.4141
Cr0.27Fe0.07Mn0.33Ti0.22Zr0.12,-0.0618,306,135.2376,7.0604,128.9505,17.3178,8.8035,56.9876,2.9566,-7.6534,-0.063,44.0079,-3.677,0.1192,8.43,12.4141
Cr0.262Fe0.065Mn0.327Ti0.227Zr0.121,0.4566,343,135.3613,7.0554,128.3578,17.3356,8.8468,57.0097,2.9362,-7.6362,-0.0714,44.2003,-3.6729,0.1175,8.37,12.3575
Cr0.262Fe0.065Mn0.327Ti0.227Zr0.121,0.1831,334,135.3613,7.0554,128.3578,17.3356,8.8468,57.0097,2.9362,-7.6362,-0.0714,44.2003,-3.6729,0.1175,8.37,12.3575
Cr0.262Fe0.065Mn0.327Ti0.227Zr0.121,-0.172,323,135.3613,7.0554,128.3578,17.3356,8.8468,57.0097,2.9362,-7.6362,-0.0714,44.2003,-3.6729,0.1175,8.37,12.3575
Cr0.262Fe0.065Mn0.327Ti0.227Zr0.121,-0.6414,306,135.3613,7.0554,128.3578,17.3356,8.8468,57.0097,2.9362,-7.6362,-0.0714,44.2003,-3.6729,0.1175,8.37,12.3575
Cr0.26Fe0.065Mn0.326Ti0.224Zr0.124,-0.0781,343,135.4104,7.055,128.2563,17.3403,8.8617,57.152,2.9321,-7.6359,-0.0727,44.0879,-3.6764,0.1183,8.43,12.366
Cr0.26Fe0.065Mn0.326Ti0.224Zr0.124,-0.3924,334,135.4104,7.055,128.2563,17.3403,8.8617,57.152,2.9321,-7.6359,-0.0727,44.0879,-3.6764,0.1183,8.43,12.366
Cr0.26Fe0.065Mn0.326Ti0.224Zr0.124,-0.6536,324,135.4104,7.055,128.2563,17.3403,8.8617,57.152,2.9321,-7.6359,-0.0727,44.0879,-3.6764,0.1183,8.43,12.366
Cr0.26Fe0.065Mn0.326Ti0.224Zr0.124,-1.2087,306,135.4104,7.055,128.2563,17.3403,8.8617,57.152,2.9321,-7.6359,-0.0727,44.0879,-3.6764,0.1183,8.43,12.366
Cr0.257Fe0.064Mn0.32Ti0.23Zr0.125,-0.2291,344,135.4408,7.0509,128.0246,17.3712,8.8933,57.1604,2.92,-7.6019,-0.078,44.3735,-3.6159,0.1179,8.43,12.3693
Cr0.257Fe0.064Mn0.32Ti0.23Zr0.125,-0.5842,333,135.4408,7.0509,128.0246,17.3712,8.8933,57.1604,2.92,-7.6019,-0.078,44.3735,-3.6159,0.1179,8.43,12.3693
Cr0.257Fe0.064Mn0.32Ti0.23Zr0.125,-0.9067,323,135.4408,7.0509,128.0246,17.3712,8.8933,57.1604,2.92,-7.6019,-0.078,44.3735,-3.6159,0.1179,8.43,12.3693
Cr0.257Fe0.064Mn0.32Ti0.23Zr0.125,-1.5026,305,135.4408,7.0509,128.0246,17.3712,8.8933,57.1604,2.92,-7.6019,-0.078,44.3735,-3.6159,0.1179,8.43,12.3693
Cr0.35Fe0.19Mn0.1Ti0.33Zr0.03,2.0726,295,131.42,7.0663,139.435,17.918,8.5375,52.8392,3.0283,-6.5942,-0.0078,56.1696,-0.8197,0.1179,8,11.5097
Cr0.35Fe0.19Mn0.1Ti0.33Zr0.03,1.8293,284,131.42,7.0663,139.435,17.918,8.5375,52.8392,3.0283,-6.5942,-0.0078,56.1696,-0.8197,0.1179,8,11.5097
Cr0.35Fe0.19Mn0.1Ti0.33Zr0.03,1.5116,275,131.42,7.0663,139.435,17.918,8.5375,52.8392,3.0283,-6.5942,-0.0078,56.1696,-0.8197,0.1179,8,11.5097
Cr0.34Fe0.19Mn0.09Ti0.34Zr0.034,1.9171,295,131.501,7.0615,138.9467,17.9598,8.6056,52.931,2.9918,-6.5306,-0.0176,56.8185,-0.7062,0.1196,8.12,11.4808
Cr0.34Fe0.19Mn0.09Ti0.34Zr0.034,1.6096,284,131.501,7.0615,138.9467,17.9598,8.6056,52.931,2.9918,-6.5306,-0.0176,56.8185,-0.7062,0.1196,8.12,11.4808
Cr0.34Fe0.19Mn0.09Ti0.34Zr0.034,1.2575,275,131.501,7.0615,138.9467,17.9598,8.6056,52.931,2.9918,-6.5306,-0.0176,56.8185,-0.7062,0.1196,8.12,11.4808
Cr0.35Fe0.19Mn0.09Ti0.33Zr0.04,1.9061,306,131.51,7.0583,139.18,17.996,8.6041,53.202,3.0207,-6.538,-0.0159,56.1451,-0.7106,0.1217,8.25,11.593
Cr0.35Fe0.19Mn0.09Ti0.33Zr0.04,1.4832,289,131.51,7.0583,139.18,17.996,8.6041,53.202,3.0207,-6.538,-0.0159,56.1451,-0.7106,0.1217,8.25,11.593
Cr0.35Fe0.19Mn0.09Ti0.33Zr0.04,0.897,275,131.51,7.0583,139.18,17.996,8.6041,53.202,3.0207,-6.538,-0.0159,56.1451,-0.7106,0.1217,8.25,11.593
Cr0.33Fe0.18Mn0.09Ti0.36Zr0.036,1.8031,304,131.7349,7.0505,137.753,17.997,8.6859,52.8863,2.9549,-6.4977,-0.0348,57.2214,-0.7034,0.1192,8.19,11.4632
Cr0.33Fe0.18Mn0.09Ti0.36Zr0.036,1.4358,294,131.7349,7.0505,137.753,17.997,8.6859,52.8863,2.9549,-6.4977,-0.0348,57.2214,-0.7034,0.1192,8.19,11.4632
Cr0.33Fe0.18Mn0.09Ti0.36Zr0.036,0.7961,274,131.7349,7.0505,137.753,17.997,8.6859,52.8863,2.9549,-6.4977,-0.0348,57.2214,-0.7034,0.1192,8.19,11.4632
Cr0.4Fe0.12Mn0.09Ti0.34Zr0.03,1.3136,303,131.6224,6.9855,138.199,18.4,8.6076,52.5092,3.2402,-6.5082,-0.0491,53.3991,-0.7574,0.1054,7.94,10.8891
Cr0.4Fe0.12Mn0.09Ti0.34Zr0.03,0.9731,293,131.6224,6.9855,138.199,18.4,8.6076,52.5092,3.2402,-6.5082,-0.0491,53.3991,-0.7574,0.1054,7.94,10.8891
Cr0.4Fe0.12Mn0.09Ti0.34Zr0.03,0.3042,274,131.6224,6.9855,138.199,18.4,8.6076,52.5092,3.2402,-6.5082,-0.0491,53.3991,-0.7574,0.1054,7.94,10.8891
Cr0.47Fe0.06Mn0.09Ti0.34Zr0.03,0.9082,303,131.697,6.9148,137.8131,18.8273,8.6021,52.2707,3.4877,-6.4861,-0.0754,49.921,-0.7849,0.0917,7.94,10.0803
Cr0.47Fe0.06Mn0.09Ti0.34Zr0.03,0.5271,293,131.697,6.9148,137.8131,18.8273,8.6021,52.2707,3.4877,-6.4861,-0.0754,49.921,-0.7849,0.0917,7.94,10.0803
Cr0.47Fe0.06Mn0.09Ti0.34Zr0.03,-0.1134,274,131.697,6.9148,137.8131,18.8273,8.6021,52.2707,3.4877,-6.4861,-0.0754,49.921,-0.7849,0.0917,7.94,10.0803
Nb0.25Ta0.25Ti0.25Zr0.25,-4.2963,501,139.75,6.9425,143.625,25.625,11.585,103.2375,1.745,-5.57,-0.4175,42.3775,0.1525,0.1005,4.8,11.5263
Nb0.25Ta0.25Ti0.25Zr0.25,-5.362,397,139.75,6.9425,143.625,25.625,11.585,103.2375,1.745,-5.57,-0.4175,42.3775,0.1525,0.1005,4.8,11.5263
Nb0.25Ta0.25Ti0.25Zr0.25,-6.4354,295,139.75,6.9425,143.625,25.625,11.585,103.2375,1.745,-5.57,-0.4175,42.3775,0.1525,0.1005,4.8,11.5263
